VentaID,Fecha,ClienteID,TiendaID,ProductoID,Cantidad,TotalVenta,Campa√±aID
1,2023-08-06,84,14,125,4,1068.24,72
2,2023-05-21,285,19,3,5,8915.15,49
3,2023-12-24,21,12,133,2,3654.7,64
4,2023-01-05,227,11,194,2,813.68,52
5,2023-05-10,79,16,114,3,4444.08,14
6,2023-02-16,169,15,193,1,2070.24,0
7,2023-11-29,22,12,117,5,9830.55,69
8,2023-05-30,83,18,113,3,2860.47,0
9,2023-11-06,130,15,23,1,848.78,78
10,2023-12-17,250,4,41,3,4859.52,0
11,2023-03-25,177,15,41,3,4859.52,73
12,2023-01-25,85,1,13,3,5571.6,34
13,2023-09-12,72,15,52,2,185.44,11
14,2023-11-18,60,16,151,1,1661.08,6
15,2023-06-15,200,12,137,5,8417.8,59
16,2023-09-20,102,4,64,4,6465.88,23
17,2023-08-13,210,19,149,3,4040.58,0
18,2023-01-15,95,11,187,2,2312.22,0
19,2023-03-31,120,19,61,2,2291.82,40
20,2023-10-18,258,7,38,4,440.12,13
21,2023-03-17,266,12,28,3,1575.75,0
22,2023-01-23,172,17,154,5,6534.7,0
23,2023-05-17,219,15,140,1,1195.04,12
24,2023-04-25,30,10,127,1,1668.86,0
25,2023-03-26,162,6,59,4,1422.12,50
26,2023-11-07,300,10,81,3,3601.62,67
27,2023-05-28,76,13,177,4,6618.88,0
28,2023-01-22,168,3,58,4,3813.12,0
29,2023-04-13,66,18,17,4,1022.08,1
30,2023-09-24,204,1,150,1,1553.95,24
31,2023-12-31,217,12,131,1,395.2,0
32,2023-10-05,49,4,175,1,1740.44,0
33,2023-12-23,192,10,4,3,2839.5,76
34,2023-08-10,220,6,172,5,8528.8,36
35,2023-08-19,72,20,187,5,5780.55,72
36,2023-05-06,238,13,17,1,255.52,0
37,2023-05-17,200,17,86,2,1628.96,0
38,2023-05-27,82,1,96,3,2194.41,4
39,2023-01-18,184,12,59,3,1066.59,0
40,2023-03-01,214,20,96,3,2194.41,0
41,2023-02-16,119,3,40,4,6661.96,0
42,2023-02-12,282,1,32,2,2503.06,0
43,2023-04-04,13,3,101,3,4652.64,28
44,2023-06-14,89,10,90,5,8182.25,0
45,2023-04-05,169,18,123,3,1238.4,0
46,2023-12-25,294,20,105,1,1910.32,0
47,2023-11-05,39,4,141,4,2258.16,67
48,2023-03-19,74,7,174,4,5427.12,0
49,2023-12-04,83,20,141,2,1129.08,0
50,2023-12-11,139,16,81,3,3601.62,0
51,2023-05-01,236,4,121,4,5665.52,62
52,2023-11-29,62,4,10,1,1901.27,3
53,2023-05-12,193,11,192,2,1295.1,21
54,2023-06-17,56,14,50,2,2598.32,0
55,2023-07-21,119,7,160,4,6762.84,79
56,2023-12-19,299,12,102,2,2721.68,37
57,2023-04-22,235,9,74,5,2232.25,62
58,2023-02-12,183,13,9,2,420.06,40
59,2023-12-29,163,4,154,4,5227.76,37
60,2023-07-08,4,17,12,5,5159.8,0
61,2023-01-29,70,10,80,3,634.83,71
62,2023-09-26,126,2,12,4,4127.84,67
63,2023-06-29,81,2,114,5,7406.8,0
64,2023-06-27,190,4,2,1,1206.46,0
65,2023-08-04,267,16,6,1,579.56,80
66,2023-04-20,93,1,119,1,1679.88,0
67,2023-09-02,214,3,41,1,1619.84,77
68,2023-03-22,250,18,174,2,2713.56,50
69,2023-07-06,250,3,169,4,5180.92,72
70,2023-05-03,249,2,24,1,786.2,0
71,2023-02-20,116,7,61,1,1145.91,42
72,2023-09-20,181,15,51,4,3346.36,77
73,2023-08-31,242,9,144,3,6202.11,57
74,2023-04-21,135,12,6,2,1159.12,62
75,2023-04-21,288,6,184,5,9868.5,68
76,2023-01-06,9,16,188,2,1334.06,0
77,2023-10-30,201,20,82,4,3666.44,0
78,2023-08-10,155,1,7,1,1859.22,0
79,2023-08-11,151,5,45,5,6726.45,56
80,2023-07-01,113,2,77,1,475.05,0
81,2023-03-12,195,8,32,2,2503.06,0
82,2023-09-07,9,6,200,3,1246.8,0
83,2023-03-17,52,20,40,2,3330.98,0
84,2023-05-18,202,15,1,4,3150.2,29
85,2023-04-08,74,17,20,1,852.43,40
86,2023-09-14,221,9,3,1,1783.03,0
87,2023-08-28,101,20,46,4,2704.32,0
88,2023-01-15,190,11,61,4,4583.64,33
89,2023-04-07,180,15,155,4,4908.28,62
90,2023-01-01,21,2,25,4,5081.48,33
91,2023-01-11,25,19,98,1,715.23,71
92,2023-01-03,141,14,40,2,3330.98,33
93,2023-09-14,220,4,75,1,1829.02,36
94,2023-06-25,264,8,152,3,2154.39,31
95,2023-05-17,146,3,116,1,1824.07,0
96,2023-03-21,58,13,162,1,639.88,40
97,2023-05-24,44,4,13,4,7428.8,14
98,2023-02-06,101,4,19,1,1746.06,0
99,2023-12-25,188,11,159,5,6645.7,0
100,2023-07-23,212,10,53,1,779.95,0
101,2023-05-30,9,13,50,4,5196.64,12
102,2023-01-10,71,18,41,3,4859.52,52
103,2023-10-28,232,18,176,1,1281.94,76
104,2023-10-30,109,3,142,3,1324.65,75
105,2023-03-30,162,2,91,2,1149.96,0
106,2023-08-13,267,19,58,4,3813.12,11
107,2023-05-03,215,19,28,1,525.25,0
108,2023-04-04,248,8,157,1,1563.9,17
109,2023-09-13,180,3,6,3,1738.68,0
110,2023-02-07,8,2,193,5,10351.2,20
111,2023-10-11,200,18,97,4,1583.64,0
112,2023-08-21,246,3,76,2,312.6,0
113,2023-10-17,96,12,174,5,6783.9,36
114,2023-12-07,269,17,99,1,1290.51,5
115,2023-12-04,226,1,166,3,3346.08,5
116,2023-06-02,129,7,51,1,836.59,48
117,2023-08-14,116,10,173,2,1490.64,53
118,2023-06-19,38,12,123,5,2064.0,0
119,2023-05-20,89,5,8,1,1452.93,0
120,2023-10-12,147,15,141,3,1693.62,0
121,2023-06-29,189,16,140,5,5975.2,31
122,2023-08-30,64,11,155,1,1227.07,0
123,2023-12-07,83,20,128,5,4535.15,0
124,2023-11-11,93,9,33,4,8099.28,76
125,2023-01-21,42,5,177,4,6618.88,0
126,2023-04-05,137,12,146,5,2392.85,0
127,2023-08-12,179,7,194,5,2034.2,0
128,2023-03-07,196,19,124,4,6389.36,0
129,2023-02-17,130,19,8,3,4358.79,44
130,2023-02-22,106,10,182,1,1748.78,0
131,2023-08-12,287,17,116,3,5472.21,11
132,2023-07-20,64,6,86,4,3257.92,0
133,2023-09-15,298,3,172,4,6823.04,0
134,2023-05-11,35,14,174,4,5427.12,0
135,2023-07-05,268,20,159,4,5316.56,7
136,2023-12-11,220,11,88,3,4871.01,0
137,2023-05-08,198,6,47,5,7233.1,62
138,2023-08-28,159,1,52,4,370.88,67
139,2023-06-09,28,6,12,3,3095.88,4
140,2023-03-31,82,4,189,2,3988.12,0
141,2023-05-01,277,9,188,5,3335.15,0
142,2023-06-19,120,8,125,5,1335.3,0
143,2023-03-03,193,19,82,5,4583.05,62
144,2023-01-04,85,10,80,3,634.83,71
145,2023-05-21,280,9,155,2,2454.14,21
146,2023-06-26,61,20,47,5,7233.1,0
147,2023-03-14,225,3,64,2,3232.94,0
148,2023-05-24,153,18,108,1,1266.5,65
149,2023-12-29,221,1,130,4,3722.96,0
150,2023-07-14,297,3,52,2,185.44,0
151,2023-09-07,204,7,162,1,639.88,8
152,2023-02-02,162,12,140,4,4780.16,0
153,2023-03-20,103,13,67,4,7573.64,73
154,2023-03-11,30,5,136,5,6121.95,71
155,2023-03-05,25,20,164,3,1136.73,34
156,2023-04-04,158,11,165,2,3129.4,28
157,2023-02-28,183,8,54,2,3538.48,71
158,2023-06-30,255,4,1,2,1575.1,4
159,2023-03-22,17,8,116,4,7296.28,0
160,2023-01-18,92,13,69,4,7516.64,47
161,2023-08-26,62,5,112,2,2852.82,0
162,2023-12-23,216,9,189,1,1994.06,0
163,2023-12-26,96,15,170,5,566.15,45
164,2023-02-17,57,4,88,3,4871.01,15
165,2023-06-19,157,1,184,5,9868.5,31
166,2023-02-12,23,8,154,5,6534.7,34
167,2023-12-24,172,3,185,3,2484.03,0
168,2023-06-19,53,13,38,1,110.03,29
169,2023-06-09,42,9,178,3,5360.82,0
170,2023-01-17,40,20,72,2,611.02,0
171,2023-12-19,1,4,84,5,4111.35,0
172,2023-09-30,277,20,110,4,1787.2,13
173,2023-12-14,33,19,92,2,2208.24,0
174,2023-11-20,200,18,63,2,643.2,0
175,2023-06-19,5,3,87,2,437.54,43
176,2023-02-10,134,18,86,5,4072.4,0
177,2023-06-30,137,5,163,2,908.9,70
178,2023-09-04,294,11,131,4,1580.8,46
179,2023-03-05,180,7,132,5,7984.1,60
180,2023-04-04,269,19,120,3,1797.21,17
181,2023-02-21,246,19,91,1,574.98,0
182,2023-04-01,253,3,153,5,4142.85,73
183,2023-11-23,135,8,95,5,2496.35,0
184,2023-02-18,218,14,105,4,7641.28,0
185,2023-08-02,138,20,181,2,459.4,0
186,2023-11-16,241,12,148,2,3842.9,76
187,2023-05-26,284,12,45,4,5381.16,0
188,2023-10-06,291,10,151,4,6644.32,3
189,2023-11-17,159,1,121,1,1416.38,0
190,2023-05-15,186,11,148,1,1921.45,0
191,2023-11-07,96,17,94,1,1093.42,0
192,2023-10-31,199,8,67,5,9467.05,78
193,2023-03-03,299,8,50,4,5196.64,0
194,2023-10-22,222,20,41,5,8099.2,0
195,2023-11-30,296,15,39,3,836.13,0
196,2023-01-11,13,15,97,3,1187.73,0
197,2023-05-11,128,16,107,3,1343.31,14
198,2023-05-06,99,3,85,1,1622.79,17
199,2023-02-03,231,10,50,4,5196.64,34
200,2023-07-03,237,3,1,4,3150.2,7
201,2023-10-09,78,15,6,3,1738.68,0
202,2023-12-28,97,10,50,4,5196.64,45
203,2023-10-03,1,14,41,5,8099.2,46
204,2023-02-12,192,12,96,2,1462.94,0
205,2023-01-04,96,12,29,5,781.8,0
206,2023-10-26,288,11,180,1,2211.84,0
207,2023-11-06,21,10,117,4,7864.44,46
208,2023-05-07,50,19,192,1,647.55,14
209,2023-12-31,124,2,94,4,4373.68,0
210,2023-06-19,33,18,69,5,9395.8,31
211,2023-11-14,38,5,134,1,940.88,0
212,2023-12-29,178,3,110,2,893.6,0
213,2023-07-28,250,15,143,3,5543.76,16
214,2023-11-21,274,15,42,1,1366.94,0
215,2023-07-27,223,3,88,5,8118.35,0
216,2023-01-12,264,8,20,5,4262.15,0
217,2023-06-20,260,20,80,5,1058.05,0
218,2023-01-11,51,14,118,1,735.2,33
219,2023-09-23,93,5,184,1,1973.7,0
220,2023-06-17,192,3,181,2,459.4,12
221,2023-03-20,122,8,143,1,1847.92,0
222,2023-08-10,73,16,154,2,2613.88,57
223,2023-05-07,278,3,158,3,2729.37,0
224,2023-10-28,90,16,200,2,831.2,75
225,2023-10-09,112,10,129,5,7571.75,0
226,2023-01-07,148,1,194,4,1627.36,0
227,2023-04-15,93,15,61,5,5729.55,0
228,2023-12-20,121,7,20,2,1704.86,0
229,2023-05-15,15,6,66,1,825.64,0
230,2023-10-23,190,16,185,3,2484.03,76
231,2023-05-20,167,4,113,5,4767.45,12
232,2023-12-12,136,3,85,1,1622.79,6
233,2023-08-13,123,18,104,5,7095.0,23
234,2023-08-28,237,16,47,4,5786.48,23
235,2023-06-13,132,14,14,2,3332.92,31
236,2023-06-11,210,2,57,2,3246.68,51
237,2023-07-23,99,8,195,4,4596.52,0
238,2023-05-11,221,8,133,2,3654.7,1
239,2023-01-28,58,7,92,1,1104.12,34
240,2023-08-23,288,19,6,2,1159.12,56
241,2023-03-02,78,7,41,4,6479.36,0
242,2023-05-07,58,3,121,2,2832.76,0
243,2023-07-31,254,19,120,4,2396.28,18
244,2023-04-25,274,2,179,5,3074.05,0
245,2023-06-18,144,13,134,4,3763.52,0
246,2023-07-24,35,12,46,3,2028.24,11
247,2023-10-07,161,16,27,4,6432.2,13
248,2023-06-06,249,10,131,3,1185.6,0
249,2023-12-31,168,15,77,3,1425.15,0
250,2023-08-26,69,10,78,1,614.88,2
251,2023-08-18,235,16,178,2,3573.88,32
252,2023-08-10,286,13,68,5,7694.25,16
253,2023-08-04,151,10,174,5,6783.9,57
254,2023-10-30,140,8,81,4,4802.16,0
255,2023-03-05,208,13,140,2,2390.08,71
256,2023-11-28,87,18,75,1,1829.02,58
257,2023-12-07,182,12,178,1,1786.94,69
258,2023-06-17,148,19,118,3,2205.6,59
259,2023-11-10,9,12,8,3,4358.79,0
260,2023-04-22,172,4,194,2,813.68,0
261,2023-03-24,54,15,66,2,1651.28,73
262,2023-06-14,88,12,46,1,676.08,51
263,2023-01-03,12,4,74,3,1339.35,0
264,2023-12-10,278,2,32,4,5006.12,0
265,2023-06-18,48,8,139,3,3922.14,0
266,2023-06-27,130,3,15,1,1331.84,0
267,2023-11-20,39,15,137,3,5050.68,6
268,2023-07-02,73,19,40,4,6661.96,79
269,2023-09-01,172,3,61,5,5729.55,23
270,2023-09-02,22,2,109,4,3054.12,0
271,2023-12-25,68,8,151,3,4983.24,64
272,2023-07-14,143,1,11,3,544.38,0
273,2023-10-08,10,17,76,3,468.9,0
274,2023-03-07,1,12,53,2,1559.9,40
275,2023-10-21,153,14,182,1,1748.78,78
276,2023-07-11,139,14,123,5,2064.0,16
277,2023-02-12,58,20,57,1,1623.34,0
278,2023-08-29,164,6,168,4,7976.24,0
279,2023-02-24,278,16,58,2,1906.56,61
280,2023-07-17,236,14,189,1,1994.06,0
281,2023-05-18,82,11,22,5,2764.2,0
282,2023-09-03,10,9,39,1,278.71,46
283,2023-06-29,10,2,165,4,6258.8,0
284,2023-11-11,287,8,24,4,3144.8,78
285,2023-05-18,298,7,113,5,4767.45,0
286,2023-05-18,61,10,65,2,760.44,30
287,2023-02-24,250,4,117,5,9830.55,20
288,2023-08-23,276,3,52,4,370.88,0
289,2023-01-06,265,1,152,3,2154.39,0
290,2023-09-04,184,11,118,5,3676.0,0
291,2023-07-20,27,12,141,2,1129.08,0
292,2023-01-23,251,18,11,4,725.84,20
293,2023-03-01,264,2,36,5,1300.9,60
294,2023-12-15,190,20,65,1,380.22,0
295,2023-08-11,89,18,127,1,1668.86,0
296,2023-01-15,257,11,39,5,1393.55,33
297,2023-03-24,14,20,172,1,1705.76,0
298,2023-11-03,31,7,123,2,825.6,0
299,2023-06-03,201,16,100,1,965.18,51
300,2023-11-18,94,20,113,5,4767.45,0
301,2023-01-27,95,3,11,2,362.92,33
302,2023-08-06,19,8,158,3,2729.37,16
303,2023-12-14,6,19,185,4,3312.04,76
304,2023-05-09,230,3,35,2,3595.88,14
305,2023-03-30,237,18,33,3,6074.46,54
306,2023-11-05,299,2,104,1,1419.0,0
307,2023-07-05,66,10,188,4,2668.12,31
308,2023-02-24,55,1,26,5,1963.65,0
309,2023-11-21,23,4,67,3,5680.23,58
310,2023-09-11,255,7,129,4,6057.4,0
311,2023-01-29,144,14,64,1,1616.47,20
312,2023-05-17,84,15,22,3,1658.52,29
313,2023-07-30,4,8,168,1,1994.06,23
314,2023-12-03,32,20,33,4,8099.28,76
315,2023-10-10,161,13,116,3,5472.21,9
316,2023-01-12,14,3,181,4,918.8,52
317,2023-01-22,253,6,35,1,1797.94,0
318,2023-11-17,144,11,153,1,828.57,76
319,2023-10-17,92,15,21,4,3468.76,0
320,2023-11-02,116,17,177,3,4964.16,0
321,2023-05-26,230,6,35,3,5393.82,48
322,2023-01-24,297,15,138,4,4708.88,0
323,2023-04-27,29,7,192,5,3237.75,1
324,2023-01-23,21,14,62,4,7516.6,20
325,2023-12-19,104,2,127,1,1668.86,55
326,2023-02-23,20,15,158,4,3639.16,0
327,2023-10-18,92,18,151,4,6644.32,57
328,2023-07-28,48,19,193,4,8280.96,0
329,2023-09-25,239,4,22,1,552.84,2
330,2023-10-14,112,20,38,5,550.15,36
331,2023-02-21,206,7,17,3,766.56,0
332,2023-02-19,165,10,150,2,3107.9,40
333,2023-09-12,140,4,119,2,3359.76,56
334,2023-07-29,220,3,173,2,1490.64,0
335,2023-07-18,108,5,23,2,1697.56,0
336,2023-08-13,238,5,179,4,2459.24,72
337,2023-01-14,288,3,78,4,2459.52,71
338,2023-05-05,207,11,107,5,2238.85,0
339,2023-11-23,66,10,95,2,998.54,5
340,2023-02-08,105,20,132,3,4790.46,0
341,2023-08-17,51,6,88,1,1623.67,23
342,2023-07-22,265,18,79,3,4997.7,0
343,2023-11-28,24,18,26,2,785.46,5
344,2023-11-21,240,15,99,4,5162.04,0
345,2023-03-22,252,3,59,2,711.06,73
346,2023-11-25,70,6,87,3,656.31,0
347,2023-11-26,81,17,193,3,6210.72,58
348,2023-06-02,252,4,121,1,1416.38,70
349,2023-05-02,268,18,166,2,2230.72,12
350,2023-01-19,116,6,98,3,2145.69,52
351,2023-03-05,244,4,170,2,226.46,28
352,2023-08-13,127,7,163,4,1817.8,0
353,2023-03-03,58,18,175,5,8702.2,0
354,2023-05-03,75,15,140,4,4780.16,0
355,2023-09-01,218,10,123,4,1651.2,0
356,2023-01-18,12,13,151,1,1661.08,0
357,2023-01-03,81,18,105,1,1910.32,0
358,2023-03-26,146,16,151,2,3322.16,1
359,2023-12-12,172,14,19,5,8730.3,5
360,2023-06-02,254,3,174,5,6783.9,59
361,2023-01-31,172,11,82,1,916.61,0
362,2023-05-16,6,18,145,5,4868.55,0
363,2023-05-03,245,7,26,1,392.73,0
364,2023-08-12,100,19,61,1,1145.91,2
365,2023-09-02,122,16,102,4,5443.36,77
366,2023-07-08,93,3,99,3,3871.53,0
367,2023-01-14,142,2,105,2,3820.64,0
368,2023-08-30,34,3,83,3,1435.62,23
369,2023-03-12,249,16,69,1,1879.16,17
370,2023-06-15,35,2,64,1,1616.47,0
371,2023-08-12,191,20,69,1,1879.16,11
372,2023-05-30,276,13,31,2,631.4,43
373,2023-08-31,278,17,158,3,2729.37,0
374,2023-10-16,80,7,55,1,1496.62,0
375,2023-06-25,77,4,161,2,3606.52,0
376,2023-10-04,74,12,128,3,2721.09,46
377,2023-08-23,186,6,157,5,7819.5,2
378,2023-08-25,190,20,80,1,211.61,2
379,2023-04-03,214,9,160,4,6762.84,0
380,2023-10-16,245,20,177,1,1654.72,13
381,2023-03-23,14,9,107,1,447.77,0
382,2023-06-17,108,13,88,3,4871.01,0
383,2023-01-17,129,6,98,5,3576.15,34
384,2023-06-22,38,6,103,2,1935.2,31
385,2023-11-10,300,15,124,3,4792.02,13
386,2023-02-11,91,2,46,1,676.08,44
387,2023-05-20,273,17,85,4,6491.16,0
388,2023-01-10,222,3,117,1,1966.11,52
389,2023-02-26,181,8,75,1,1829.02,0
390,2023-01-12,149,16,41,3,4859.52,71
391,2023-08-13,151,2,127,5,8344.3,0
392,2023-04-23,279,17,87,5,1093.85,1
393,2023-08-24,254,13,196,4,1770.96,56
394,2023-09-26,181,2,172,1,1705.76,0
395,2023-09-27,137,2,51,4,3346.36,2
396,2023-07-18,167,5,196,2,885.48,16
397,2023-10-04,170,18,41,4,6479.36,67
398,2023-06-06,144,17,79,2,3331.8,49
399,2023-10-18,283,9,34,5,7830.25,0
400,2023-07-14,136,19,132,5,7984.1,0
401,2023-12-23,249,19,155,3,3681.21,0
402,2023-09-12,134,2,105,4,7641.28,0
403,2023-08-17,161,17,163,4,1817.8,57
404,2023-11-05,136,8,35,2,3595.88,0
405,2023-08-14,255,15,158,5,4548.95,0
406,2023-10-02,149,10,112,3,4279.23,78
407,2023-06-28,89,4,164,3,1136.73,0
408,2023-12-22,76,10,118,3,2205.6,76
409,2023-04-02,224,14,200,2,831.2,17
410,2023-10-10,169,6,19,1,1746.06,0
411,2023-09-26,70,16,47,4,5786.48,0
412,2023-03-20,286,1,3,4,7132.12,35
413,2023-08-28,225,17,27,1,1608.05,2
414,2023-11-27,160,13,29,3,469.08,6
415,2023-08-24,22,5,37,4,2557.56,36
416,2023-12-08,188,18,126,4,6259.72,58
417,2023-11-07,190,9,19,4,6984.24,5
418,2023-06-18,209,1,13,2,3714.4,0
419,2023-06-16,175,12,119,5,8399.4,0
420,2023-01-11,226,12,93,3,1971.66,71
421,2023-12-01,74,1,82,5,4583.05,0
422,2023-03-23,80,16,114,2,2962.72,0
423,2023-02-15,197,18,75,5,9145.1,0
424,2023-01-29,47,8,18,5,4382.25,34
425,2023-11-16,237,9,190,5,2973.15,0
426,2023-05-03,28,16,75,4,7316.08,0
427,2023-05-18,280,9,88,5,8118.35,0
428,2023-11-14,177,13,28,1,525.25,46
429,2023-10-22,253,14,118,5,3676.0,0
430,2023-09-24,22,10,121,4,5665.52,23
431,2023-05-11,285,1,187,3,3468.33,0
432,2023-09-10,116,6,169,1,1295.23,36
433,2023-07-29,228,8,160,3,5072.13,11
434,2023-08-03,26,4,70,3,1091.34,11
435,2023-12-10,297,12,128,2,1814.06,76
436,2023-06-17,249,2,184,4,7894.8,0
437,2023-04-19,54,6,92,3,3312.36,0
438,2023-03-31,3,2,62,5,9395.75,0
439,2023-02-13,269,19,22,4,2211.36,47
440,2023-06-22,109,19,69,5,9395.8,0
441,2023-11-20,144,13,87,1,218.77,25
442,2023-08-25,238,12,87,5,1093.85,36
443,2023-08-18,199,19,128,2,1814.06,56
444,2023-02-06,175,19,73,3,5327.91,0
445,2023-02-07,245,14,128,1,907.03,0
446,2023-02-14,276,12,126,1,1564.93,61
447,2023-11-04,234,16,31,2,631.4,0
448,2023-08-04,267,14,3,1,1783.03,0
449,2023-02-17,239,18,100,5,4825.9,44
450,2023-02-09,43,4,75,3,5487.06,73
451,2023-06-03,16,6,122,1,1374.93,0
452,2023-10-21,39,19,169,2,2590.46,0
453,2023-11-23,297,9,144,4,8269.48,0
454,2023-03-15,144,14,198,5,5814.85,0
455,2023-08-25,300,19,142,5,2207.75,0
456,2023-12-05,204,6,44,3,4782.6,5
457,2023-10-20,47,4,147,5,6287.75,0
458,2023-12-13,190,14,41,2,3239.68,76
459,2023-02-25,156,6,21,2,1734.38,0
460,2023-12-27,276,15,99,2,2581.02,45
461,2023-03-26,87,15,89,5,2348.45,20
462,2023-04-26,9,1,105,2,3820.64,30
463,2023-11-01,59,5,132,2,3193.64,46
464,2023-06-10,92,3,91,2,1149.96,0
465,2023-07-11,252,14,35,3,5393.82,0
466,2023-12-28,187,16,189,5,9970.3,0
467,2023-06-18,44,17,148,5,9607.25,51
468,2023-04-26,191,11,126,1,1564.93,12
469,2023-05-10,274,10,136,1,1224.39,27
470,2023-08-18,230,3,122,1,1374.93,0
471,2023-07-17,121,3,77,4,1900.2,79
472,2023-04-06,164,15,137,1,1683.56,0
473,2023-02-19,9,15,101,4,6203.52,42
474,2023-10-07,36,3,3,1,1783.03,0
475,2023-10-26,79,16,184,4,7894.8,0
476,2023-01-15,265,7,3,1,1783.03,0
477,2023-02-21,30,6,77,1,475.05,40
478,2023-12-27,45,15,55,1,1496.62,76
479,2023-08-19,266,11,155,2,2454.14,72
480,2023-04-15,239,14,11,5,907.3,68
481,2023-10-22,232,1,172,1,1705.76,0
482,2023-04-15,196,17,69,1,1879.16,0
483,2023-03-08,256,18,6,3,1738.68,0
484,2023-08-13,299,4,6,1,579.56,0
485,2023-05-09,197,3,104,2,2838.0,59
486,2023-11-27,252,14,62,5,9395.75,0
487,2023-11-15,27,13,36,5,1300.9,0
488,2023-09-24,61,11,63,2,643.2,0
489,2023-02-16,204,6,145,3,2921.13,42
490,2023-06-17,128,16,19,5,8730.3,43
491,2023-07-30,47,1,12,4,4127.84,0
492,2023-12-28,150,6,81,3,3601.62,37
493,2023-04-26,240,6,197,2,4258.44,30
494,2023-11-29,230,6,121,2,2832.76,0
495,2023-04-04,261,12,43,2,1891.2,1
496,2023-07-02,52,2,104,3,4257.0,4
497,2023-06-18,237,11,134,5,4704.4,31
498,2023-08-01,38,7,53,2,1559.9,32
499,2023-12-01,188,17,146,3,1435.71,76
500,2023-03-19,178,10,114,2,2962.72,34
501,2023-06-25,37,20,9,2,420.06,12
502,2023-10-01,156,1,32,2,2503.06,0
503,2023-06-23,188,5,79,2,3331.8,4
504,2023-02-18,267,7,58,5,4766.4,0
505,2023-07-10,109,1,192,4,2590.2,7
506,2023-09-22,271,8,114,4,5925.44,0
507,2023-11-01,226,6,101,1,1550.88,0
508,2023-01-12,188,8,171,3,1147.59,71
509,2023-12-19,187,12,163,4,1817.8,0
510,2023-05-15,12,17,140,4,4780.16,12
511,2023-12-13,115,7,195,2,2298.26,0
512,2023-10-22,252,3,146,2,957.14,46
513,2023-06-09,14,10,52,1,92.72,12
514,2023-02-21,241,2,167,2,701.26,10
515,2023-11-04,155,10,185,4,3312.04,0
516,2023-02-03,177,6,87,3,656.31,71
517,2023-10-21,260,7,69,5,9395.8,0
518,2023-08-13,209,2,44,3,4782.6,0
519,2023-09-18,299,14,115,1,1415.3,36
520,2023-12-05,121,20,25,2,2540.74,58
521,2023-01-25,177,14,152,4,2872.52,0
522,2023-03-15,120,7,11,3,544.38,0
523,2023-03-19,243,11,135,5,4089.1,0
524,2023-12-09,291,3,156,2,518.6,0
525,2023-07-08,117,9,105,1,1910.32,0
526,2023-07-03,291,1,37,4,2557.56,0
527,2023-07-06,262,7,155,1,1227.07,0
528,2023-04-05,261,10,10,5,9506.35,62
529,2023-06-21,196,9,169,2,2590.46,31
530,2023-05-22,233,9,42,4,5467.76,0
531,2023-09-18,105,1,160,5,8453.55,0
532,2023-02-21,4,3,2,3,3619.38,0
533,2023-11-12,127,10,50,1,1299.16,78
534,2023-12-19,176,5,76,4,625.2,0
535,2023-04-14,91,3,72,4,1222.04,0
536,2023-04-07,11,11,15,4,5327.36,0
537,2023-08-10,23,8,194,3,1220.52,57
538,2023-04-17,111,5,122,2,2749.86,30
539,2023-12-08,22,12,30,3,1780.35,5
540,2023-12-31,283,9,93,1,657.22,0
541,2023-11-18,280,2,122,2,2749.86,0
542,2023-12-12,23,4,68,5,7694.25,6
543,2023-09-04,20,20,29,4,625.44,0
544,2023-01-28,77,1,101,5,7754.4,71
545,2023-08-22,196,7,127,1,1668.86,23
546,2023-05-07,109,13,113,2,1906.98,62
547,2023-08-30,97,4,193,1,2070.24,56
548,2023-02-26,271,13,51,2,1673.18,0
549,2023-06-24,285,4,160,1,1690.71,0
550,2023-12-04,105,17,93,2,1314.44,0
551,2023-05-22,122,2,200,2,831.2,0
552,2023-10-10,203,11,11,3,544.38,46
553,2023-07-26,33,4,81,3,3601.62,72
554,2023-08-05,294,13,65,5,1901.1,0
555,2023-12-20,211,3,32,5,6257.65,37
556,2023-07-22,61,3,69,4,7516.64,11
557,2023-02-25,187,6,195,1,1149.13,73
558,2023-09-29,161,13,153,2,1657.14,0
559,2023-10-03,53,13,6,2,1159.12,11
560,2023-05-12,94,16,19,2,3492.12,0
561,2023-08-31,141,2,188,4,2668.12,77
562,2023-09-12,272,14,173,3,2235.96,36
563,2023-01-03,144,13,188,1,667.03,0
564,2023-07-04,279,7,190,4,2378.52,41
565,2023-01-17,152,18,173,5,3726.6,0
566,2023-06-30,273,4,12,2,2063.92,41
567,2023-08-10,249,2,86,5,4072.4,0
568,2023-05-11,26,4,166,4,4461.44,0
569,2023-11-12,136,2,26,4,1570.92,78
570,2023-06-12,169,12,138,2,2354.44,12
571,2023-06-08,31,5,82,2,1833.22,0
572,2023-07-04,79,7,186,1,132.18,31
573,2023-09-25,127,9,115,4,5661.2,0
574,2023-11-29,239,5,166,3,3346.08,0
575,2023-04-26,292,2,18,4,3505.8,0
576,2023-12-27,281,12,81,4,4802.16,0
577,2023-12-20,18,3,3,5,8915.15,0
578,2023-03-12,206,20,118,3,2205.6,0
579,2023-09-09,112,13,80,4,846.44,77
580,2023-08-05,98,14,178,3,5360.82,0
581,2023-08-01,19,9,147,3,3772.65,0
582,2023-07-18,21,18,200,3,1246.8,11
583,2023-02-03,135,4,175,2,3480.88,61
584,2023-04-21,266,3,125,5,1335.3,0
585,2023-03-11,3,18,129,4,6057.4,62
586,2023-05-01,136,5,176,3,3845.82,17
587,2023-05-26,6,11,51,3,2509.77,21
588,2023-02-13,157,16,44,3,4782.6,0
589,2023-11-19,148,10,42,2,2733.88,46
590,2023-06-07,25,20,184,3,5921.1,0
591,2023-01-05,79,7,154,1,1306.94,0
592,2023-09-27,72,4,144,2,4134.74,46
593,2023-07-14,114,6,37,5,3196.95,0
594,2023-10-27,166,17,159,5,6645.7,75
595,2023-05-23,51,6,83,4,1914.16,49
596,2023-05-04,19,7,42,5,6834.7,0
597,2023-03-01,1,3,158,1,909.79,0
598,2023-11-05,15,16,152,4,2872.52,0
599,2023-06-29,290,1,50,3,3897.48,0
600,2023-09-17,206,16,93,4,2628.88,0
601,2023-12-21,77,8,181,2,459.4,55
602,2023-09-27,252,10,42,2,2733.88,0
603,2023-07-29,55,17,71,3,4252.26,0
604,2023-12-04,249,6,18,2,1752.9,6
605,2023-12-24,226,9,57,2,3246.68,0
606,2023-03-10,149,18,46,3,2028.24,60
607,2023-11-22,39,14,136,4,4897.56,58
608,2023-12-13,84,11,82,3,2749.83,76
609,2023-06-16,16,4,10,5,9506.35,0
610,2023-06-01,51,6,22,5,2764.2,12
611,2023-09-05,215,15,119,1,1679.88,56
612,2023-05-05,237,17,55,1,1496.62,12
613,2023-12-07,236,10,6,2,1159.12,0
614,2023-03-20,256,4,164,2,757.82,0
615,2023-12-15,208,18,166,5,5576.8,0
616,2023-02-16,37,17,133,2,3654.7,15
617,2023-11-25,285,12,16,4,3702.96,3
618,2023-01-31,191,13,80,1,211.61,20
619,2023-11-25,129,16,78,4,2459.52,0
620,2023-10-12,18,13,17,5,1277.6,0
621,2023-04-06,125,17,122,4,5499.72,0
622,2023-08-17,254,15,44,3,4782.6,11
623,2023-01-28,282,13,177,2,3309.44,52
624,2023-06-10,251,4,144,4,8269.48,0
625,2023-02-04,184,17,129,2,3028.7,15
626,2023-07-04,55,5,34,5,7830.25,0
627,2023-10-20,125,6,174,4,5427.12,67
628,2023-05-16,134,10,126,5,7824.65,70
629,2023-11-09,166,18,190,1,594.63,5
630,2023-07-14,199,11,133,3,5482.05,0
631,2023-05-04,296,9,189,1,1994.06,27
632,2023-11-13,96,3,145,4,3894.84,78
633,2023-08-30,63,4,89,4,1878.76,72
634,2023-07-11,94,7,141,3,1693.62,72
635,2023-03-26,134,8,93,3,1971.66,44
636,2023-03-23,184,1,182,2,3497.56,0
637,2023-06-12,28,13,26,4,1570.92,4
638,2023-07-20,297,3,145,1,973.71,80
639,2023-06-16,272,18,19,5,8730.3,26
640,2023-01-08,94,17,187,3,3468.33,0
641,2023-01-18,84,11,133,4,7309.4,71
642,2023-06-10,46,7,113,5,4767.45,0
643,2023-09-13,38,5,67,5,9467.05,0
644,2023-09-01,274,20,5,5,7071.3,11
645,2023-10-25,59,5,127,3,5006.58,46
646,2023-12-27,300,18,196,3,1328.22,45
647,2023-07-28,24,6,135,1,817.82,0
648,2023-03-22,38,20,93,5,3286.1,0
649,2023-05-31,266,16,44,3,4782.6,43
650,2023-01-13,16,2,30,3,1780.35,0
651,2023-06-06,19,19,27,4,6432.2,0
652,2023-11-13,20,9,144,4,8269.48,46
653,2023-07-04,7,12,72,3,916.53,0
654,2023-09-07,148,7,13,2,3714.4,23
655,2023-12-10,23,12,162,5,3199.4,69
656,2023-01-26,80,20,170,3,339.69,20
657,2023-09-03,102,2,182,1,1748.78,0
658,2023-08-14,143,19,9,3,630.09,56
659,2023-09-18,293,10,174,5,6783.9,77
660,2023-03-29,64,3,193,2,4140.48,0
661,2023-03-08,137,14,135,4,3271.28,34
662,2023-10-10,32,20,29,2,312.72,57
663,2023-09-05,70,16,95,1,499.27,0
664,2023-12-14,258,6,177,4,6618.88,0
665,2023-05-31,120,11,44,3,4782.6,0
666,2023-07-15,173,13,108,5,6332.5,0
667,2023-01-24,211,15,108,5,6332.5,0
668,2023-06-30,62,6,62,4,7516.6,0
669,2023-10-11,127,9,32,1,1251.53,0
670,2023-11-28,122,13,162,4,2559.52,0
671,2023-02-14,144,4,58,2,1906.56,47
672,2023-01-03,48,2,110,2,893.6,33
673,2023-04-12,280,11,3,5,8915.15,0
674,2023-12-05,104,13,126,3,4694.79,0
675,2023-06-10,168,18,11,3,544.38,29
676,2023-12-12,258,7,52,3,278.16,5
677,2023-06-06,230,13,159,2,2658.28,0
678,2023-07-30,89,5,49,3,1524.18,11
679,2023-01-06,73,8,118,4,2940.8,33
680,2023-06-16,174,12,195,3,3447.39,51
681,2023-12-22,69,11,69,1,1879.16,0
682,2023-03-23,208,12,129,1,1514.35,35
683,2023-04-03,233,16,147,5,6287.75,40
684,2023-12-23,222,7,130,2,1861.48,0
685,2023-02-02,251,4,199,2,931.72,60
686,2023-07-08,57,18,32,2,2503.06,29
687,2023-07-25,89,20,143,2,3695.84,11
688,2023-08-06,161,7,10,4,7605.08,11
689,2023-07-04,225,16,181,5,1148.5,29
690,2023-06-17,132,20,174,1,1356.78,41
691,2023-11-21,295,9,44,4,6376.8,0
692,2023-12-17,173,20,135,3,2453.46,69
693,2023-03-24,234,19,11,4,725.84,0
694,2023-06-19,229,19,51,1,836.59,0
695,2023-03-17,109,19,20,3,2557.29,44
696,2023-12-25,280,2,135,4,3271.28,37
697,2023-07-11,188,4,82,3,2749.83,0
698,2023-08-10,233,20,36,1,260.18,53
699,2023-03-06,259,17,57,3,4870.02,0
700,2023-02-14,198,9,126,1,1564.93,0
701,2023-11-08,139,3,46,5,3380.4,39
702,2023-04-04,161,19,113,1,953.49,0
703,2023-10-02,300,15,40,5,8327.45,11
704,2023-09-12,9,5,65,2,760.44,77
705,2023-12-23,271,13,82,3,2749.83,0
706,2023-10-22,165,8,174,2,2713.56,78
707,2023-04-25,20,19,136,4,4897.56,17
708,2023-12-18,286,12,174,1,1356.78,6
709,2023-10-11,227,15,157,5,7819.5,0
710,2023-02-10,43,2,51,2,1673.18,44
711,2023-02-17,6,9,32,1,1251.53,71
712,2023-05-26,245,20,99,3,3871.53,0
713,2023-08-05,123,17,183,1,886.79,57
714,2023-02-13,225,8,82,1,916.61,0
715,2023-07-19,115,7,111,3,1695.63,0
716,2023-08-06,272,3,3,3,5349.09,0
717,2023-12-30,46,16,157,5,7819.5,0
718,2023-04-26,162,2,40,4,6661.96,62
719,2023-12-06,26,14,199,1,465.86,58
720,2023-11-04,141,3,85,5,8113.95,46
721,2023-11-23,279,8,11,2,362.92,38
722,2023-06-26,117,7,140,1,1195.04,0
723,2023-02-02,143,13,38,5,550.15,0
724,2023-02-08,114,6,187,5,5780.55,0
725,2023-05-14,16,10,89,3,1409.07,0
726,2023-01-12,147,15,20,1,852.43,71
727,2023-08-09,161,6,163,1,454.45,0
728,2023-09-09,254,18,165,4,6258.8,0
729,2023-08-03,12,1,87,2,437.54,0
730,2023-04-19,130,20,166,2,2230.72,0
731,2023-02-18,151,18,48,2,3660.24,40
732,2023-04-29,214,15,123,4,1651.2,62
733,2023-12-13,77,18,129,1,1514.35,6
734,2023-12-04,239,4,137,2,3367.12,0
735,2023-07-05,42,15,61,4,4583.64,29
736,2023-04-21,123,19,156,2,518.6,0
737,2023-02-19,36,4,195,2,2298.26,44
738,2023-08-30,297,11,29,1,156.36,0
739,2023-11-03,19,14,132,4,6387.28,25
740,2023-09-30,93,20,85,2,3245.58,0
741,2023-07-03,65,14,170,2,226.46,41
742,2023-02-28,245,4,55,1,1496.62,10
743,2023-01-13,112,11,15,2,2663.68,52
744,2023-04-16,295,16,77,1,475.05,28
745,2023-05-17,57,1,53,4,3119.8,0
746,2023-10-21,23,8,87,3,656.31,0
747,2023-03-11,201,8,63,5,1608.0,71
748,2023-10-30,121,5,55,3,4489.86,0
749,2023-08-24,187,16,30,1,593.45,0
750,2023-05-20,109,11,42,4,5467.76,12
751,2023-12-06,96,6,166,1,1115.36,5
752,2023-09-30,74,16,161,1,1803.26,0
753,2023-07-13,291,16,41,1,1619.84,0
754,2023-09-10,184,12,189,5,9970.3,0
755,2023-05-16,205,20,86,4,3257.92,0
756,2023-06-04,38,8,60,2,1983.32,12
757,2023-05-15,257,8,127,3,5006.58,0
758,2023-12-22,195,8,28,2,1050.5,0
759,2023-10-21,292,8,158,2,1819.58,76
760,2023-03-17,159,7,177,2,3309.44,0
761,2023-11-04,79,16,108,4,5066.0,0
762,2023-01-12,127,1,138,2,2354.44,0
763,2023-08-01,286,16,52,2,185.44,0
764,2023-09-08,293,18,137,5,8417.8,0
765,2023-11-29,113,9,112,4,5705.64,6
766,2023-06-25,71,7,131,5,1976.0,59
767,2023-10-09,206,17,102,5,6804.2,0
768,2023-08-19,115,16,141,4,2258.16,0
769,2023-04-02,98,16,66,4,3302.56,54
770,2023-01-25,211,18,47,4,5786.48,52
771,2023-02-10,131,8,56,2,2268.74,0
772,2023-05-01,180,17,179,3,1844.43,0
773,2023-04-23,244,1,79,1,1665.9,0
774,2023-01-07,217,9,174,2,2713.56,0
775,2023-05-28,128,2,76,2,312.6,0
776,2023-06-08,9,5,87,2,437.54,0
777,2023-09-07,300,3,108,1,1266.5,0
778,2023-04-02,145,6,15,1,1331.84,0
779,2023-11-21,179,1,138,3,3531.66,6
780,2023-03-03,270,11,191,1,185.41,35
781,2023-07-12,29,16,170,2,226.46,80
782,2023-12-08,195,20,89,5,2348.45,5
783,2023-02-01,33,4,185,3,2484.03,34
784,2023-03-07,210,9,181,1,229.7,0
785,2023-02-05,147,13,136,3,3673.17,61
786,2023-02-17,15,20,127,3,5006.58,71
787,2023-09-22,136,15,75,2,3658.04,3
788,2023-09-26,43,15,57,3,4870.02,0
789,2023-06-08,96,3,68,1,1538.85,0
790,2023-05-11,116,7,10,5,9506.35,0
791,2023-01-25,107,15,50,1,1299.16,0
792,2023-10-02,300,17,157,1,1563.9,36
793,2023-06-12,83,15,112,4,5705.64,43
794,2023-03-06,129,2,163,2,908.9,60
795,2023-04-24,277,10,14,2,3332.92,0
796,2023-06-28,6,20,172,1,1705.76,51
797,2023-07-22,68,9,190,4,2378.52,80
798,2023-10-24,109,4,22,2,1105.68,76
799,2023-10-05,229,13,88,4,6494.68,0
800,2023-08-01,85,13,91,2,1149.96,0
801,2023-04-09,5,16,77,3,1425.15,1
802,2023-05-05,159,14,30,2,1186.9,62
803,2023-12-12,269,2,131,3,1185.6,5
804,2023-12-16,187,1,98,1,715.23,0
805,2023-02-05,7,10,153,3,2485.71,20
806,2023-01-11,189,8,194,4,1627.36,0
807,2023-12-09,47,9,184,2,3947.4,5
808,2023-06-17,289,10,151,2,3322.16,0
809,2023-04-13,29,17,82,5,4583.05,1
810,2023-07-08,181,13,110,1,446.8,7
811,2023-11-16,44,15,107,3,1343.31,5
812,2023-04-16,211,3,157,4,6255.6,68
813,2023-09-25,116,3,172,1,1705.76,0
814,2023-04-12,9,2,39,1,278.71,0
815,2023-01-10,24,4,101,4,6203.52,0
816,2023-12-03,45,1,171,2,765.06,6
817,2023-04-17,64,12,191,1,185.41,0
818,2023-11-28,51,17,109,5,3817.65,3
819,2023-12-20,32,12,34,2,3132.1,0
820,2023-01-21,148,17,58,1,953.28,0
821,2023-04-03,194,6,200,2,831.2,60
822,2023-03-02,183,4,101,5,7754.4,0
823,2023-09-25,174,9,50,4,5196.64,0
824,2023-08-05,253,11,172,3,5117.28,4
825,2023-10-02,164,2,111,5,2826.05,0
826,2023-01-29,295,16,65,3,1140.66,33
827,2023-09-26,62,18,55,2,2993.24,13
828,2023-04-22,128,13,170,4,452.92,0
829,2023-02-09,282,9,153,2,1657.14,40
830,2023-09-06,82,20,64,1,1616.47,0
831,2023-07-05,224,1,182,2,3497.56,59
832,2023-05-09,234,17,89,3,1409.07,0
833,2023-12-20,258,3,167,2,701.26,69
834,2023-10-27,289,3,167,4,1402.52,46
835,2023-09-22,97,8,39,5,1393.55,0
836,2023-12-17,259,15,187,3,3468.33,0
837,2023-03-23,117,16,94,5,5467.1,35
838,2023-03-12,111,11,139,5,6536.9,44
839,2023-12-30,173,7,108,4,5066.0,37
840,2023-07-13,53,4,189,5,9970.3,0
841,2023-09-21,31,15,29,2,312.72,2
842,2023-03-01,224,14,51,4,3346.36,10
843,2023-02-14,244,14,188,3,2001.09,0
844,2023-11-19,72,19,79,2,3331.8,0
845,2023-12-15,211,6,147,3,3772.65,0
846,2023-04-11,138,19,194,3,1220.52,54
847,2023-12-10,172,12,115,2,2830.6,0
848,2023-02-23,127,5,31,5,1578.5,0
849,2023-07-21,150,10,48,2,3660.24,7
850,2023-12-06,1,1,32,4,5006.12,0
851,2023-01-20,298,10,42,3,4100.82,0
852,2023-09-30,171,13,82,3,2749.83,0
853,2023-03-28,69,10,118,3,2205.6,54
854,2023-04-13,133,9,34,5,7830.25,0
855,2023-08-17,263,16,62,2,3758.3,36
856,2023-04-08,292,12,195,5,5745.65,0
857,2023-02-19,145,13,141,5,2822.7,60
858,2023-07-29,296,2,124,5,7986.7,11
859,2023-10-03,193,13,126,3,4694.79,77
860,2023-12-28,298,7,108,2,2533.0,45
861,2023-02-15,244,2,60,3,2974.98,34
862,2023-12-15,139,18,7,2,3718.44,5
863,2023-08-16,290,1,60,4,3966.64,0
864,2023-01-28,47,11,125,3,801.18,52
865,2023-01-10,258,8,97,2,791.82,0
866,2023-05-26,73,16,22,3,1658.52,0
867,2023-11-15,143,19,10,1,1901.27,0
868,2023-07-18,71,11,96,5,3657.35,0
869,2023-01-18,101,13,100,1,965.18,0
870,2023-02-19,223,9,164,4,1515.64,10
871,2023-08-02,31,14,4,3,2839.5,0
872,2023-01-13,158,16,198,2,2325.94,0
873,2023-09-03,159,12,81,3,3601.62,2
874,2023-06-10,54,13,40,3,4996.47,12
875,2023-10-28,18,8,88,4,6494.68,0
876,2023-09-07,169,3,110,1,446.8,57
877,2023-01-21,11,8,113,5,4767.45,47
878,2023-07-20,193,12,120,5,2995.35,72
879,2023-11-19,279,8,100,2,1930.36,67
880,2023-09-15,38,12,13,4,7428.8,57
881,2023-11-22,134,16,61,5,5729.55,25
882,2023-02-06,296,15,84,1,822.27,0
883,2023-05-25,171,3,4,1,946.5,0
884,2023-12-14,100,7,84,2,1644.54,0
885,2023-10-30,149,7,73,3,5327.91,13
886,2023-01-26,10,17,33,1,2024.82,34
887,2023-03-18,266,6,37,1,639.39,0
888,2023-12-04,132,13,166,2,2230.72,3
889,2023-06-27,146,19,140,1,1195.04,0
890,2023-12-12,145,9,175,1,1740.44,0
891,2023-06-03,94,4,56,5,5671.85,0
892,2023-04-16,202,1,88,3,4871.01,30
893,2023-08-29,140,10,166,2,2230.72,72
894,2023-01-16,121,18,66,2,1651.28,0
895,2023-12-10,151,3,157,3,4691.7,69
896,2023-03-09,201,17,103,4,3870.4,0
897,2023-01-21,111,5,192,4,2590.2,20
898,2023-08-22,283,5,141,1,564.54,2
899,2023-01-06,66,9,60,5,4958.3,33
900,2023-03-04,6,8,39,2,557.42,0
901,2023-09-30,284,20,20,2,1704.86,0
902,2023-09-27,228,10,159,2,2658.28,0
903,2023-07-19,223,10,136,4,4897.56,0
904,2023-02-03,12,12,48,1,1830.12,61
905,2023-10-05,278,9,106,5,4885.3,24
906,2023-08-26,279,2,44,4,6376.8,57
907,2023-10-02,130,19,192,4,2590.2,0
908,2023-06-13,33,2,60,1,991.66,0
909,2023-08-28,186,14,38,1,110.03,0
910,2023-09-22,160,8,105,5,9551.6,0
911,2023-03-17,103,6,95,3,1497.81,0
912,2023-09-02,92,5,52,2,185.44,57
913,2023-01-05,102,19,73,2,3551.94,0
914,2023-03-10,248,2,4,3,2839.5,60
915,2023-05-06,215,19,175,3,5221.32,1
916,2023-06-12,92,15,154,5,6534.7,0
917,2023-03-19,116,8,110,1,446.8,73
918,2023-12-31,12,20,133,3,5482.05,0
919,2023-06-17,117,10,159,2,2658.28,29
920,2023-05-12,257,18,32,5,6257.65,0
921,2023-11-03,91,19,153,3,2485.71,78
922,2023-11-28,234,12,30,4,2373.8,0
923,2023-07-29,111,8,41,4,6479.36,80
924,2023-10-29,286,3,21,4,3468.76,13
925,2023-05-10,68,11,108,5,6332.5,27
926,2023-06-18,34,13,138,1,1177.22,0
927,2023-06-20,192,5,77,2,950.1,0
928,2023-04-30,196,13,88,1,1623.67,0
929,2023-10-18,116,2,158,2,1819.58,0
930,2023-10-15,267,12,160,4,6762.84,78
931,2023-06-27,73,9,77,5,2375.25,4
932,2023-06-09,36,14,40,3,4996.47,0
933,2023-11-26,154,12,62,3,5637.45,39
934,2023-10-18,83,18,48,3,5490.36,0
935,2023-11-11,266,13,81,5,6002.7,25
936,2023-11-03,172,16,87,4,875.08,0
937,2023-10-26,230,19,3,1,1783.03,78
938,2023-08-07,114,16,1,4,3150.2,57
939,2023-03-16,172,18,109,4,3054.12,0
940,2023-03-30,25,13,173,3,2235.96,44
941,2023-09-05,232,16,141,1,564.54,0
942,2023-06-26,291,19,123,1,412.8,70
943,2023-08-01,18,9,185,5,4140.05,0
944,2023-11-07,92,11,182,1,1748.78,76
945,2023-08-17,97,9,12,5,5159.8,56
946,2023-11-18,258,4,15,3,3995.52,0
947,2023-12-17,62,5,55,1,1496.62,64
948,2023-12-01,176,2,106,3,2931.18,76
949,2023-08-24,123,15,159,3,3987.42,0
950,2023-10-10,124,15,7,5,9296.1,24
951,2023-07-07,57,10,107,1,447.77,0
952,2023-07-13,165,14,172,5,8528.8,0
953,2023-05-31,298,6,23,2,1697.56,0
954,2023-09-18,109,13,182,1,1748.78,57
955,2023-05-09,108,16,108,1,1266.5,59
956,2023-09-08,250,16,144,1,2067.37,0
957,2023-07-16,50,4,123,4,1651.2,0
958,2023-03-15,14,10,132,2,3193.64,0
959,2023-05-15,57,8,73,4,7103.88,0
960,2023-09-14,188,6,108,5,6332.5,0
961,2023-04-25,65,1,76,2,312.6,0
962,2023-05-23,114,15,97,5,1979.55,0
963,2023-07-14,245,3,39,3,836.13,11
964,2023-10-02,196,8,33,3,6074.46,0
965,2023-11-09,210,20,96,3,2194.41,67
966,2023-01-30,127,12,78,1,614.88,0
967,2023-01-20,61,14,113,4,3813.96,47
968,2023-06-23,135,4,155,5,6135.35,0
969,2023-08-11,169,16,160,4,6762.84,56
970,2023-01-09,255,4,193,5,10351.2,0
971,2023-01-15,183,14,105,2,3820.64,0
972,2023-08-20,33,13,157,4,6255.6,53
973,2023-03-17,159,3,150,4,6215.8,0
974,2023-01-09,219,5,7,4,7436.88,52
975,2023-06-05,58,11,180,3,6635.52,0
976,2023-02-01,136,18,25,4,5081.48,0
977,2023-11-11,166,3,195,1,1149.13,0
978,2023-06-26,127,3,52,2,185.44,59
979,2023-01-12,255,20,149,5,6734.3,33
980,2023-05-28,22,17,154,1,1306.94,48
981,2023-04-29,122,20,31,4,1262.8,0
982,2023-12-04,254,1,106,3,2931.18,5
983,2023-01-29,46,3,133,5,9136.75,52
984,2023-07-20,206,8,129,5,7571.75,0
985,2023-05-30,287,16,93,3,1971.66,0
986,2023-07-09,29,18,12,1,1031.96,4
987,2023-01-14,226,11,199,4,1863.44,0
988,2023-08-05,38,7,75,4,7316.08,4
989,2023-09-02,179,16,142,5,2207.75,0
990,2023-10-13,26,12,83,1,478.54,0
991,2023-04-23,56,4,85,2,3245.58,30
992,2023-09-20,208,3,139,1,1307.38,0
993,2023-04-03,142,4,191,3,556.23,28
994,2023-04-25,163,14,187,4,4624.44,62
995,2023-07-20,41,1,176,5,6409.7,72
996,2023-08-03,289,7,195,4,4596.52,0
997,2023-08-26,240,15,125,4,1068.24,0
998,2023-11-09,258,13,53,2,1559.9,46
999,2023-08-05,155,7,46,5,3380.4,0
1000,2023-04-29,58,15,32,1,1251.53,0
